"actual","predicted"
1.09406952965235,1.05260997775033
0.872863247863248,0.941757446631659
0.887931034482759,1.04464039032315
0.376696832579186,0.918340298984151
0.849498327759197,0.852103511453187
0.503267973856209,0.937596351972623
0.918279569892473,0.895121860279372
0.53125,0.695324152325912
0.843866171003718,0.606360570012399
