"actual","predicted"
1.09406952965235,1.05051908548
0.872863247863248,0.947510766880535
0.887931034482759,1.04626065966034
0.376696832579186,0.911590008571095
0.849498327759197,0.860525024907525
0.503267973856209,0.939769892075482
0.918279569892473,0.894479286519479
0.53125,0.699779894830604
0.843866171003718,0.598681788015833
