"actual","predicted"
1.09406952965235,1.05751705169678
0.872863247863248,0.932317197322845
0.887931034482759,0.923082411289215
0.376696832579186,0.860220313072205
0.849498327759197,0.925310850143433
0.503267973856209,0.987283647060394
0.918279569892473,0.962752282619476
0.53125,0.781032800674438
0.843866171003718,0.647440195083618
